original_path,original_filename,new_filename
C:\Users\Prathiksha\Downloads\archive (4).zip,1574672612907_jpeg.rf.ac8bf39a9445d69c84d88f3c91a0e22e.jpg,student_id_001.jpg
C:\Users\Prathiksha\Downloads\archive (4).zip,1644347926008_jpeg.rf.dca00205a96861d3e9d127d7a456df56.jpg,student_id_002.jpg
C:\Users\Prathiksha\Downloads\archive (4).zip,1644347926008_jpeg.rf.dfdde1dff68cf798e49da604e99ab468.jpg,student_id_003.jpg
C:\Users\Prathiksha\Downloads\archive (4).zip,1666692990388_jpeg.rf.3f5ce69311fad6e40e6784979cead94b.jpg,student_id_004.jpg
C:\Users\Prathiksha\Downloads\archive (4).zip,1666692990388_jpeg.rf.a7b87a1e549c62988c55842179339ff3.jpg,student_id_005.jpg
C:\Users\Prathiksha\Downloads\archive (4).zip,1716696370174_jpeg.rf.787f9711017f98f303c4f02653fe87af.jpg,student_id_006.jpg
C:\Users\Prathiksha\Downloads\archive (4).zip,1716696370174_jpeg.rf.a6d079bd48550fd2371f7ab9fd49cdf0.jpg,student_id_007.jpg
C:\Users\Prathiksha\Downloads\archive (4).zip,CopenhagenUnivID_jpg.rf.d5786c426507b2fef362fe95c1215ee5.jpg,student_id_008.jpg
C:\Users\Prathiksha\Downloads\archive (4).zip,CopenhagenUnivID_jpg.rf.ffb12b633ca74acb27af6477264eb44f.jpg,student_id_009.jpg
C:\Users\Prathiksha\Downloads\archive (4).zip,DRkoNybWkAAoreo_jpeg.rf.4f132c0d550f2aa58496555c60128121.jpg,student_id_010.jpg
C:\Users\Prathiksha\Downloads\archive (4).zip,E-D3DHQX0AEG1Il_jpg.rf.90d06737299d993473edc409fec6074c.jpg,student_id_011.jpg
C:\Users\Prathiksha\Downloads\archive (4).zip,Ej5B9WwXgAEsNOA_jpeg.rf.5156302665fd893ef7710a5f39d0a5d4.jpg,student_id_012.jpg
C:\Users\Prathiksha\Downloads\archive (4).zip,EjLNSK1XYAAzakD_jpg.rf.aa3924090c9bf8719b31d598ba42f2ae.jpg,student_id_013.jpg
C:\Users\Prathiksha\Downloads\archive (4).zip,IMG_3084_JPG.rf.5dc6515151319735d0fc2ee9357cff03.jpg,student_id_014.jpg
C:\Users\Prathiksha\Downloads\archive (4).zip,IMG_3084_JPG.rf.9c39bbebc994af32a16ff45404ad399b.jpg,student_id_015.jpg
C:\Users\Prathiksha\Downloads\archive (4).zip,Sample-ID-from-google-search_1_jpg.rf.3fbbd18600be87a2d04ffb5b2322e6f3.jpg,student_id_016.jpg
C:\Users\Prathiksha\Downloads\archive (4).zip,columbiai_jpg.rf.42ba4033d633056bd264aa4824071b53.jpg,student_id_017.jpg
C:\Users\Prathiksha\Downloads\archive (4).zip,images-2-_jpeg.rf.16175a152899a58fb1316b28ce38a95a.jpg,student_id_018.jpg
C:\Users\Prathiksha\Downloads\archive (4).zip,k6h2ie5ck4c51_jpg.rf.67c36f60118443b07225cdd55986a3b4.jpg,student_id_019.jpg
C:\Users\Prathiksha\Downloads\archive (4).zip,k6h2ie5ck4c51_jpg.rf.ba8aee7d7dc43a472a270e2293b8f9aa.jpg,student_id_020.jpg
C:\Users\Prathiksha\Downloads\archive (4).zip,s01_jpg.rf.bb3696948c896e6aa10bc3444ea7a747.jpg,student_id_021.jpg
C:\Users\Prathiksha\Downloads\archive (4).zip,s03_jpg.rf.b286d3635c4125031f70b73d9f3a2d00.jpg,student_id_022.jpg
C:\Users\Prathiksha\Downloads\archive (4).zip,s08_jpg.rf.7823cc6a9065f08243443a8688c94ccf.jpg,student_id_023.jpg
C:\Users\Prathiksha\Downloads\archive (4).zip,s09_jpg.rf.9aff23920a739d40735d8b921b96834c.jpg,student_id_024.jpg
C:\Users\Prathiksha\Downloads\archive (4).zip,s102_jpg.rf.9aa13d794deb1f589b792233bbdaf34a.jpg,student_id_025.jpg
C:\Users\Prathiksha\Downloads\archive (4).zip,s104_jpg.rf.22e238a09ade12d9ba927508352188a7.jpg,student_id_026.jpg
C:\Users\Prathiksha\Downloads\archive (4).zip,s104_jpg.rf.41dd911daf8bd8e5b3cca37c086e2c66.jpg,student_id_027.jpg
C:\Users\Prathiksha\Downloads\archive (4).zip,s106_jpg.rf.6b4bf7e3ed3f27af2654f8f83acc66f1.jpg,student_id_028.jpg
C:\Users\Prathiksha\Downloads\archive (4).zip,s106_jpg.rf.c5fb8b3301f7a5bb8c34f820a4c311a1.jpg,student_id_029.jpg
C:\Users\Prathiksha\Downloads\archive (4).zip,s107_jpg.rf.b7416b817111a46426936910f9fedabb.jpg,student_id_030.jpg
C:\Users\Prathiksha\Downloads\archive (4).zip,s108_jpg.rf.7034bd12c6f96c81289d989b59ecd83b.jpg,student_id_031.jpg
C:\Users\Prathiksha\Downloads\archive (4).zip,s10_jpg.rf.2ff5392887d3d53be3a01956f4220e27.jpg,student_id_032.jpg
C:\Users\Prathiksha\Downloads\archive (4).zip,s12_jpg.rf.68eee6553c83c02320ae68790970c0dc.jpg,student_id_033.jpg
C:\Users\Prathiksha\Downloads\archive (4).zip,s12_jpg.rf.ad71cf3db88ce4c3e73bf4aba81ad614.jpg,student_id_034.jpg
C:\Users\Prathiksha\Downloads\archive (4).zip,s14_jpg.rf.482814e6af72a84c025d77ab056e2a22.jpg,student_id_035.jpg
C:\Users\Prathiksha\Downloads\archive (4).zip,s15_jpg.rf.c1d3a392925a0c486b2d32fe90899f59.jpg,student_id_036.jpg
C:\Users\Prathiksha\Downloads\archive (4).zip,s17_jpg.rf.68d7fd5915c7d9f725d96aba35180b76.jpg,student_id_037.jpg
C:\Users\Prathiksha\Downloads\archive (4).zip,s18_jpg.rf.7bde08cf1b9e2aadc7efeb812413a43d.jpg,student_id_038.jpg
C:\Users\Prathiksha\Downloads\archive (4).zip,s26_jpg.rf.f3f128d35a7addd74af659b6c059179b.jpg,student_id_039.jpg
C:\Users\Prathiksha\Downloads\archive (4).zip,s27_jpg.rf.9a4d8bf2fe5f6343788332c13d042794.jpg,student_id_040.jpg
C:\Users\Prathiksha\Downloads\archive (4).zip,s28_jpg.rf.6487d5409a6edb397b8c1c05aec5a6e1.jpg,student_id_041.jpg
C:\Users\Prathiksha\Downloads\archive (4).zip,s29_jpg.rf.de0c231887588acfcf533c0903544004.jpg,student_id_042.jpg
C:\Users\Prathiksha\Downloads\archive (4).zip,s30_jpg.rf.7ebbede683bafd49de803e992b4972e4.jpg,student_id_043.jpg
C:\Users\Prathiksha\Downloads\archive (4).zip,s31_jpg.rf.341e412a6c23b1cf9168958aa17c6548.jpg,student_id_044.jpg
C:\Users\Prathiksha\Downloads\archive (4).zip,s31_jpg.rf.3f254b4ede77223b82a47fb472010cf2.jpg,student_id_045.jpg
C:\Users\Prathiksha\Downloads\archive (4).zip,s33_jpg.rf.c33ec57da02b00f318374a9ebf01f707.jpg,student_id_046.jpg
C:\Users\Prathiksha\Downloads\archive (4).zip,s39_jpg.rf.12c5beeba6ed89f6f7551f9bf37e8bde.jpg,student_id_047.jpg
C:\Users\Prathiksha\Downloads\archive (4).zip,s39_jpg.rf.322d0bf1e0689815c88a30aa10da4121.jpg,student_id_048.jpg
C:\Users\Prathiksha\Downloads\archive (4).zip,s57_jpg.rf.600dd2502fcae0fab0377e2bd740638d.jpg,student_id_049.jpg
C:\Users\Prathiksha\Downloads\archive (4).zip,s58_jpg.rf.cdaa66a4de33ab8e057c1228f2452295.jpg,student_id_050.jpg
C:\Users\Prathiksha\Downloads\archive (4).zip,s70_jpg.rf.ab4f992dc6129a7b4dabb68b737ba980.jpg,student_id_051.jpg
C:\Users\Prathiksha\Downloads\archive (4).zip,s72_jpg.rf.13126af46ea9a2bee09c2316c0066bbb.jpg,student_id_052.jpg
C:\Users\Prathiksha\Downloads\archive (4).zip,s75_jpg.rf.5b8e951c291bc3fff345cc351f3f273b.jpg,student_id_053.jpg
C:\Users\Prathiksha\Downloads\archive (4).zip,s90_jpg.rf.b0fc8782183bfbfda0eb5676ae805d08.jpg,student_id_054.jpg
C:\Users\Prathiksha\Downloads\archive (4).zip,student_id_116_png.rf.538542a5a6958fa7c194f5cb2ceb1471.jpg,student_id_055.jpg
C:\Users\Prathiksha\Downloads\archive (4).zip,student_id_116_png.rf.a362ffb90bf1f89ca1d05cf1e19cd58d.jpg,student_id_056.jpg
C:\Users\Prathiksha\Downloads\archive (4).zip,student_id_118_png.rf.53d689d1b3c848035b63e4fb0adeecbf.jpg,student_id_057.jpg
C:\Users\Prathiksha\Downloads\archive (4).zip,student_id_119_png.rf.58084b5f9602af84f3c899ddf71d22d2.jpg,student_id_058.jpg
C:\Users\Prathiksha\Downloads\archive (4).zip,student_id_124_png.rf.f3fd8ee30bb121e1bc57c78350b727ce.jpg,student_id_059.jpg
C:\Users\Prathiksha\Downloads\archive (4).zip,student_id_131_png.rf.daa07105d2df72676aa9ba0d01e8c411.jpg,student_id_060.jpg
C:\Users\Prathiksha\Downloads\archive (4).zip,student_id_142_png.rf.229be99e91df93a380c5a229fe3b08ae.jpg,student_id_061.jpg
C:\Users\Prathiksha\Downloads\archive (4).zip,student_id_143_png.rf.90c8bcfa16625f186bbff308a1992210.jpg,student_id_062.jpg
C:\Users\Prathiksha\Downloads\archive (4).zip,student_id_145_png.rf.f1004c1c4f33443d4eff443b1794d7e2.jpg,student_id_063.jpg
C:\Users\Prathiksha\Downloads\archive (4).zip,student_id_148_png.rf.7a8c45a8574ca5cd471a5ed78b78b69a.jpg,student_id_064.jpg
C:\Users\Prathiksha\Downloads\archive (4).zip,student_id_148_png.rf.d6f7de27bf516d7d1d120c7b9852e66e.jpg,student_id_065.jpg
C:\Users\Prathiksha\Downloads\archive (4).zip,student_id_150_png.rf.9c9115554d9005358ed783d10cf4f9ab.jpg,student_id_066.jpg
C:\Users\Prathiksha\Downloads\archive (4).zip,student_id_152_png.rf.29b00da231618e0681cf88117aa7f7ab.jpg,student_id_067.jpg
C:\Users\Prathiksha\Downloads\archive (4).zip,student_id_155_png.rf.ba824cee286753630cf2575d7f9b1004.jpg,student_id_068.jpg
C:\Users\Prathiksha\Downloads\archive (4).zip,student_id_156_png.rf.2f95448c5dbdede67722def226e51b6e.jpg,student_id_069.jpg
C:\Users\Prathiksha\Downloads\archive (4).zip,student_id_157_png.rf.cf4a6a9a5a7eb9e04aec507e8028970b.jpg,student_id_070.jpg
C:\Users\Prathiksha\Downloads\archive (4).zip,student_id_157_png.rf.f8f38983d0e41d4143ca96be90ddf6bc.jpg,student_id_071.jpg
C:\Users\Prathiksha\Downloads\archive (4).zip,student_id_159_png.rf.c17643b0b12342d7f81b17ddd725cd3f.jpg,student_id_072.jpg
C:\Users\Prathiksha\Downloads\archive (4).zip,student_id_17_png.rf.927e9d9cc45c278d468ceaddd747dfcd.jpg,student_id_073.jpg
C:\Users\Prathiksha\Downloads\archive (4).zip,student_id_183_png.rf.cc2f9b7d472dec4a1a7f4ddf5ef8cf95.jpg,student_id_074.jpg
C:\Users\Prathiksha\Downloads\archive (4).zip,student_id_185_png.rf.91547705311b6025efcddc1c181eb5d4.jpg,student_id_075.jpg
C:\Users\Prathiksha\Downloads\archive (4).zip,student_id_188_png.rf.12d508ef14b1a91db60ff90ac5b9dcb8.jpg,student_id_076.jpg
C:\Users\Prathiksha\Downloads\archive (4).zip,student_id_190_png.rf.1d202097b2d04be540f2af4089baebeb.jpg,student_id_077.jpg
C:\Users\Prathiksha\Downloads\archive (4).zip,student_id_190_png.rf.b6f19f6786d573e189ad164dd2dc242d.jpg,student_id_078.jpg
C:\Users\Prathiksha\Downloads\archive (4).zip,student_id_193_png.rf.293487b4d2e41a1fdbbfe5680b9ea3e7.jpg,student_id_079.jpg
C:\Users\Prathiksha\Downloads\archive (4).zip,student_id_195_png.rf.9d84c8132d6db129cb24e967e77e49bd.jpg,student_id_080.jpg
C:\Users\Prathiksha\Downloads\archive (4).zip,student_id_196_png.rf.cda900c8ae683ecf276a0d96302215bb.jpg,student_id_081.jpg
C:\Users\Prathiksha\Downloads\archive (4).zip,student_id_2_png.rf.3210dff19ce9b5a90a2c4a8e97dce43b.jpg,student_id_082.jpg
C:\Users\Prathiksha\Downloads\archive (4).zip,student_id_35_png.rf.325da6339607445e430f2d25dc5ddd2c.jpg,student_id_083.jpg
C:\Users\Prathiksha\Downloads\archive (4).zip,student_id_35_png.rf.c74cedb2d7061290492b53c051f08848.jpg,student_id_084.jpg
C:\Users\Prathiksha\Downloads\archive (4).zip,student_id_39_png.rf.b45d477af36d7008df859a9dfa194711.jpg,student_id_085.jpg
C:\Users\Prathiksha\Downloads\archive (4).zip,student_id_46_png.rf.d160718c08bb4cc01707d7e027e3325d.jpg,student_id_086.jpg
C:\Users\Prathiksha\Downloads\archive (4).zip,student_id_78_png.rf.17b342b51e8848b47126d1538d0812ef.jpg,student_id_087.jpg
C:\Users\Prathiksha\Downloads\archive (4).zip,student_id_78_png.rf.2eb60318630609b5a039ddf0b9333820.jpg,student_id_088.jpg
C:\Users\Prathiksha\Downloads\archive (4).zip,student_id_78_png.rf.314ab37709a04438b3b45d1b5fec8ee7.jpg,student_id_089.jpg
C:\Users\Prathiksha\Downloads\archive (4).zip,student_id_80_png.rf.233793643d0da37138d7928004d075ce.jpg,student_id_090.jpg
C:\Users\Prathiksha\Downloads\archive (4).zip,student_id_86_png.rf.5f8c7573773b3bf3ce5285401cb5c70a.jpg,student_id_091.jpg
C:\Users\Prathiksha\Downloads\archive (4).zip,student_id_8_png.rf.7c2638460b25b1f93b3055e7dfa50100.jpg,student_id_092.jpg
C:\Users\Prathiksha\Downloads\archive (4).zip,student_id_92_png.rf.5d94af58c5b18d087456069207d22bb7.jpg,student_id_093.jpg
C:\Users\Prathiksha\Downloads\archive (4).zip,student_id_94_jpg.rf.c66e35cc561f5389cd0e4299ba717dc5.jpg,student_id_094.jpg
C:\Users\Prathiksha\Downloads\archive (4).zip,student_id_94_png.rf.ad3f61a48c127c50326041f57e3ef5c6.jpg,student_id_095.jpg
C:\Users\Prathiksha\Downloads\archive (4).zip,student_id_95_jpg.rf.2d682c590a5d9a4cc7c589d759a546f6.jpg,student_id_096.jpg
C:\Users\Prathiksha\Downloads\archive (4).zip,student_id_95_png.rf.5e1b2315a2d00d51919244cafc21d1af.jpg,student_id_097.jpg
C:\Users\Prathiksha\Downloads\archive (4).zip,student_id_95_png.rf.b808c00665263f7f06cde827cb784a64.jpg,student_id_098.jpg
C:\Users\Prathiksha\Downloads\archive (4).zip,student_id_99_jpg.rf.f282913db3b9a21aa4aff86f6966e010.jpg,student_id_099.jpg
C:\Users\Prathiksha\Downloads\archive (4).zip,wildcard-home_jpg.rf.968be981daa20886c8708af50f6ca71a.jpg,student_id_100.jpg
